<?xml version="1.0" encoding="utf-8" standalone="yes"?>
<rss version="2.0" xmlns:atom="http://www.w3.org/2005/Atom">
  <channel>
    <title>Pages on Seattle Plastics</title>
    <link>http://www.seattleplastics.com/pages/</link>
    <description>Recent content in Pages on Seattle Plastics</description>
    <generator>Hugo -- gohugo.io</generator>
    <language>en-us</language>
    <lastBuildDate>Thu, 06 Dec 2018 09:29:16 +1000</lastBuildDate><atom:link href="http://www.seattleplastics.com/pages/index.xml" rel="self" type="application/rss+xml" />
    <item>
      <title>About</title>
      <link>http://www.seattleplastics.com/about/</link>
      <pubDate>Thu, 06 Dec 2018 09:29:16 +1000</pubDate>
      
      <guid>http://www.seattleplastics.com/about/</guid>
      <description></description>
    </item>
    
    <item>
      <title>History</title>
      <link>http://www.seattleplastics.com/history/</link>
      <pubDate>Thu, 06 Dec 2018 09:29:16 +1000</pubDate>
      
      <guid>http://www.seattleplastics.com/history/</guid>
      <description>About Heading  Theres no limits, Lorem ipsum dolor sit amet, et essent mediocritatem quo, choro volumus oporteat an mei. Numquam dolores mel eu, mea docendi omittantur et, mea ea duis erat. Elit melius cu ius. Per ex novum tantas putant, ei his nullam aliquam apeirian. Aeterno quaestio constituto sea an, no eum intellegat assueverit.
    Theres no limits, Lorem ipsum dolor sit amet, et essent mediocritatem quo, choro volumus oporteat an mei.</description>
    </item>
    
  </channel>
</rss>
