<?xml version="1.0" encoding="utf-8" standalone="yes"?>
<rss version="2.0" xmlns:atom="http://www.w3.org/2005/Atom">
  <channel>
    <title>Contact on Seattle Plastics</title>
    <link>http://www.seattleplastics.com/contact/</link>
    <description>Recent content in Contact on Seattle Plastics</description>
    <generator>Hugo -- gohugo.io</generator>
    <language>en-us</language>
    <lastBuildDate>Thu, 22 Feb 2018 17:01:34 +0700</lastBuildDate><atom:link href="http://www.seattleplastics.com/contact/index.xml" rel="self" type="application/rss+xml" />
  </channel>
</rss>
