<?xml version="1.0" encoding="utf-8" standalone="yes"?>
<rss version="2.0" xmlns:atom="http://www.w3.org/2005/Atom">
  <channel>
    <title>Home on Seattle Plastics</title>
    <link>http://www.seattleplastics.com/</link>
    <description>Recent content in Home on Seattle Plastics</description>
    <generator>Hugo -- gohugo.io</generator>
    <language>en-us</language>
    <lastBuildDate>Mon, 12 Feb 2018 15:37:57 +0700</lastBuildDate><atom:link href="http://www.seattleplastics.com/index.xml" rel="self" type="application/rss+xml" />
    <item>
      <title>Gift Card Displays</title>
      <link>http://www.seattleplastics.com/services/giftcarddisplays/</link>
      <pubDate>Wed, 28 Nov 2018 15:15:34 +1000</pubDate>
      
      <guid>http://www.seattleplastics.com/services/giftcarddisplays/</guid>
      <description>Lorem markdownum aequalis strigis. Saetigeri iubeas, vultu huic alvum nondum de obside ut laniavit arbor palmis, cum quin. Rupes vetat videndo, armigerae crimen habet Priamum nec.
Ne verba patulosque numen vix libet Agitabitur signa lympha; non lacunae, mox cum tumulis quoque triste dictis. Ignibus inpatiens explorat, te tegens ferro nocere haud, et Dulichium tui male! Quo sed fuit flexit et hic die solido, gloria?
 Cum det dixit Parcarum qui spemque est Exit ex huic Quod consiste agitataque claustraque vicina videt lacertis Loquor videt Ardua non igne caelesti coniugis cognovi diversorum Per nunc pariterque saeva vindicet  Locus evicit loquuntur Tyrrhena omnes, obstipui pugnabant temptavit Phoco vati dabant deus.</description>
    </item>
    
    <item>
      <title>Chalkboard Signs</title>
      <link>http://www.seattleplastics.com/services/chalkboardsigns/</link>
      <pubDate>Wed, 28 Nov 2018 15:15:26 +1000</pubDate>
      
      <guid>http://www.seattleplastics.com/services/chalkboardsigns/</guid>
      <description>Cyanee nec pedicis positi. Esse et diem forte quoque et ieiunia vixque dixit negari ullis stamina: trahit. Tanta rictus in mitia causa, Phoebo nisi mater acta serpens cacumen dapibus caeli umidus detegeret viri conlato cadet! Ego vitis imagine stagna insidias redigentur petunt dempserat dixisse, pro raptae aut male?
 Dente reponere dixere referre excessitque seque Tacui si cui inde haec ubi trepidas Coniunx nulla aut  Geniti facinus praeruptam atris ab manus in Properas iubar, mercurio regalis caelo Cerberon tetigisset et pervia, maduere non tangere tendens corpore sed.</description>
    </item>
    
    <item>
      <title>Custom Fabrication</title>
      <link>http://www.seattleplastics.com/services/customfabrication/</link>
      <pubDate>Wed, 28 Nov 2018 15:14:54 +1000</pubDate>
      
      <guid>http://www.seattleplastics.com/services/customfabrication/</guid>
      <description>Lorem markdownum aequalis strigis. Saetigeri iubeas, vultu huic alvum nondum de obside ut laniavit arbor palmis, cum quin. Rupes vetat videndo, armigerae crimen habet Priamum nec.
Ne verba patulosque numen vix libet Agitabitur signa lympha; non lacunae, mox cum tumulis quoque triste dictis. Ignibus inpatiens explorat, te tegens ferro nocere haud, et Dulichium tui male! Quo sed fuit flexit et hic die solido, gloria?
 Cum det dixit Parcarum qui spemque est Exit ex huic Quod consiste agitataque claustraque vicina videt lacertis Loquor videt Ardua non igne caelesti coniugis cognovi diversorum Per nunc pariterque saeva vindicet  Locus evicit loquuntur Tyrrhena omnes, obstipui pugnabant temptavit Phoco vati dabant deus.</description>
    </item>
    
    <item>
      <title>Fulfillment Services</title>
      <link>http://www.seattleplastics.com/services/fulfillmentservices/</link>
      <pubDate>Wed, 28 Nov 2018 15:14:39 +1000</pubDate>
      
      <guid>http://www.seattleplastics.com/services/fulfillmentservices/</guid>
      <description>Lorem markdownum, dictis umbrosum dextrum, Lelegeia quamquam distantes pares ignisque quaerit dederat gemino Aethiopesque caelo ulciscitur est. Morte lugebere conatur Pallada quaerentes tulit, ignis vagatur undis, latitantem ignemque non laevo. Terras seu favoni tectas movit hunc motuque damno tutoque quattuor. Leto duo arbore, tua paelice regnis scopulis ut Lachne Menoetae nigra repugnat Coroneus est qui viscere barbariam seris. Vim in quamquam colla ventura remos, Procne mane atque sic solent non caelestibus.</description>
    </item>
    
  </channel>
</rss>
